{"cameraMode":{"drawMode":0,"name":"Shaded","section":"Shading Mode"},"sceneLighting":false,"audioPlay":false,"sceneViewState":{"showFog":true,"showMaterialUpdate":false,"showSkybox":true,"showFlares":true,"showImageEffects":true,"showParticleSystems":true},"in2DMode":false,"pivot":{"x":-0.7751447558403015,"y":38.51573181152344,"z":-29.786449432373048},"rotation":{"x":-0.25172141194343569,"y":0.6070707440376282,"z":-0.21120448410511018,"w":-0.7235292196273804},"size":6.514073371887207,"orthographic":false}